{
    "accuracy": 0.9136892814130871,
    "precision": 0.926361143752448,
    "recall": 0.9071729957805907,
    "f1": 0.9166666666666666
}
